{
  "parent": "minecraft:item/generated",
  "textures": {
    "layer0": "extrabotany:items/relic0"
  },
  "display": {
    "thirdperson_righthand": {
      "rotation": [ -80, 260, -40 ],
      "translation": [ -1, -2, 2.5 ],
      "scale": [ 0.9, 0.9, 0.9 ]
    },
    "thirdperson_lefthand": {
      "rotation": [ -80, -280, 40 ],
      "translation": [ -1, -2, 2.5 ],
      "scale": [ 0.9, 0.9, 0.9 ]
    },
    "firstperson_righthand": {
      "rotation": [ 0, -90, 25 ],
      "translation": [ 1.13, 3.2, 1.13],
      "scale": [ 0.68, 0.68, 0.68 ]
    },
    "firstperson_lefthand": {
      "rotation": [ 0, 90, -25 ],
      "translation": [ 1.13, 3.2, 1.13],
      "scale": [ 0.68, 0.68, 0.68 ]
    }
  },
  "overrides": [
    {
      "predicate": {
        "extrabotany:mode": 1
      },
      "model": "extrabotany:item/buddhistrelics_1"
    },
    {
      "predicate": {
		"extrabotany:mode": 2
      },
      "model": "extrabotany:item/buddhistrelics_2"
    },
	    {
      "predicate": {
		"extrabotany:mode": 3
      },
      "model": "extrabotany:item/buddhistrelics_3"
    },
	    {
      "predicate": {
		"extrabotany:mode": 4
      },
      "model": "extrabotany:item/buddhistrelics_4"
    },
    {
      "predicate": {
		"extrabotany:mode": 5
      },
      "model": "extrabotany:item/buddhistrelics_5"
    }
  ]
}
