{
  "parent": "minecraft:item/generated",
  "textures": {
    "layer0": "extrabotany:items/failnaught"
  },
  "display": {
    "thirdperson_righthand": {
      "rotation": [ -80, 260, -40 ],
      "translation": [ -1, -2, 2.5 ],
      "scale": [ 0.9, 0.9, 0.9 ]
    },
    "thirdperson_lefthand": {
      "rotation": [ -80, -280, 40 ],
      "translation": [ -1, -2, 2.5 ],
      "scale": [ 0.9, 0.9, 0.9 ]
    },
    "firstperson_righthand": {
      "rotation": [ 0, -90, 25 ],
      "translation": [ 1.13, 3.2, 1.13],
      "scale": [ 0.68, 0.68, 0.68 ]
    },
    "firstperson_lefthand": {
      "rotation": [ 0, 90, -25 ],
      "translation": [ 1.13, 3.2, 1.13],
      "scale": [ 0.68, 0.68, 0.68 ]
    }
  },
  "overrides": [
    {
      "predicate": {
        "minecraft:pulling": 1
      },
      "model": "extrabotany:item/failnaught_pulling_1"
    },
    {
      "predicate": {
        "minecraft:pulling": 1,
        "minecraft:pull": 0.7
      },
      "model": "extrabotany:item/failnaught_pulling_2"
    },
    {
      "predicate": {
        "minecraft:pulling": 1,
        "minecraft:pull": 1.4
      },
      "model": "extrabotany:item/failnaught_pulling_3"
    },
    {
      "predicate": {
        "minecraft:pulling": 1,
        "minecraft:pull": 2.1
      },
      "model": "extrabotany:item/failnaught_pulling_4"
    }
  ]
}
