{
 "parent": "extrabotany:item/terrasteelshield",
	"display": {
		"thirdperson_righthand": {
			"rotation": [ 45, 135, 0 ],
			"translation": [ 2, -4, -2 ],
			"scale": [ 1.75, 1.75, 1.75 ]
		},
		"thirdperson_lefthand": {
			"rotation": [ 45, 135, 0 ],
			"translation": [ 2, -4, -2 ],
			"scale": [ 1.75, 1.75, 1.75 ]
		},
		"firstperson_righthand": {
			"rotation": [ 0, 180, -5 ],
			"translation": [ -3, -5, 1 ],
			"scale": [ 1.75, 1.75, 1.75 ]
		},
		"firstperson_lefthand": {
			"rotation": [ 0, 180, -5 ],
			"translation": [ -3, -5, 1 ],
			"scale": [ 1.75, 1.75, 1.75 ]
		},
		"gui": {
			"rotation": [ 15, -25, -5 ],
			"translation": [ 0, 0, 0 ],
			"scale": [ 1, 1, 1 ]
		}
	}
}