{
    "__comment": "Model generated using MrCrayfish's Model Creator (http://mrcrayfish.com/modelcreator/)",
	"parent": "minecraft:block/block",
    "textures": {
		"1": "extrabotany:blocks/trophy/trophy_base",
		"-1": "extrabotany:blocks/trophy/trophy_head",
		"3": "extrabotany:blocks/trophy/trophy_head",
		"2": "extrabotany:blocks/trophy/trophy_head",
		"particle": "extrabotany:blocks/trophy/trophy_head"
    },
    "elements": [
        {
            "name": "body",
            "from": [ 6.0, 2.0, 7.0 ], 
            "to": [ 10.0, 12.0, 9.0 ], 
            "faces": {
                "north": { "texture": "#-1", "uv": [ 0.0, 0.0, 4.0, 10.0 ] },
                "east": { "texture": "#-1", "uv": [ 4.0, 0.0, 6.0, 10.0 ] },
                "south": { "texture": "#-1", "uv": [ 0.0, 0.0, 4.0, 10.0 ] },
                "west": { "texture": "#-1", "uv": [ 4.0, 0.0, 6.0, 10.0 ] },
                "up": { "texture": "#-1", "uv": [ 0.0, 9.0, 4.0, 11.0 ] },
                "down": { "texture": "#-1", "uv": [ 0.0, 9.0, 4.0, 11.0 ] }
            }
        },
        {
            "name": "head",
            "from": [ 6.0, 12.0, 6.0 ], 
            "to": [ 10.0, 16.0, 10.0 ], 
            "faces": {
                "north": { "texture": "#3", "uv": [ 0.0, 0.0, 4.0, 4.0 ] },
                "east": { "texture": "#3", "uv": [ 0.0, 4.0, 4.0, 8.0 ] },
                "south": { "texture": "#3", "uv": [ 0.0, 0.0, 4.0, 4.0 ] },
                "west": { "texture": "#3", "uv": [ 0.0, 4.0, 4.0, 8.0 ] },
                "up": { "texture": "#3", "uv": [ 0.0, 8.0, 4.0, 12.0 ] },
                "down": { "texture": "#3", "uv": [ 0.0, 8.0, 4.0, 12.0 ] }
            }
        },
        {
            "name": "arm1",
            "from": [ 4.0, 7.0, 7.0 ], 
            "to": [ 6.0, 12.0, 9.0 ], 
            "faces": {
                "north": { "texture": "#2", "uv": [ 0.0, 0.0, 2.0, 5.0 ] },
                "east": { "texture": "#2", "uv": [ 2.0, 0.0, 4.0, 5.0 ] },
                "south": { "texture": "#2", "uv": [ 0.0, 0.0, 2.0, 5.0 ] },
                "west": { "texture": "#2", "uv": [ 2.0, 0.0, 4.0, 5.0 ] },
                "up": { "texture": "#2", "uv": [ 4.0, 0.0, 6.0, 2.0 ] },
                "down": { "texture": "#2", "uv": [ 4.0, 0.0, 6.0, 2.0 ] }
            }
        },
        {
            "name": "arm2",
            "from": [ 10.0, 7.0, 7.0 ], 
            "to": [ 12.0, 12.0, 9.0 ], 
            "faces": {
                "north": { "texture": "#2", "uv": [ 0.0, 0.0, 2.0, 5.0 ] },
                "east": { "texture": "#2", "uv": [ 2.0, 0.0, 4.0, 5.0 ] },
                "south": { "texture": "#2", "uv": [ 0.0, 0.0, 2.0, 5.0 ] },
                "west": { "texture": "#2", "uv": [ 2.0, 0.0, 4.0, 5.0 ] },
                "up": { "texture": "#2", "uv": [ 4.0, 0.0, 6.0, 2.0 ] },
                "down": { "texture": "#2", "uv": [ 4.0, 0.0, 6.0, 2.0 ] }
            }
        },
        {
            "name": "base",
            "from": [ 4.0, 0.0, 4.0 ], 
            "to": [ 12.0, 2.0, 12.0 ], 
            "faces": {
                "north": { "texture": "#1", "uv": [ 0.0, 0.0, 8.0, 2.0 ] },
                "east": { "texture": "#1", "uv": [ 0.0, 0.0, 8.0, 2.0 ] },
                "south": { "texture": "#1", "uv": [ 0.0, 0.0, 8.0, 2.0 ] },
                "west": { "texture": "#1", "uv": [ 0.0, 0.0, 8.0, 2.0 ] },
                "up": { "texture": "#1", "uv": [ 0.0, 0.0, 8.0, 8.0 ] },
                "down": { "texture": "#1", "uv": [ 0.0, 0.0, 8.0, 8.0 ] }
            }
        }
    ],
	"display": {
		"gui": {
			"rotation":  [ 30, 225, 0 ],
			"translation":  [ 0, -0.55, 0 ],
			"scale":  [ 0.85, 0.85, 0.85 ]
		}
	}
}