{
	"Comment": "Designed by Wiiv with Cubik Studio - https://cubik.studio",
	"parent": "minecraft:block/block",
	"textures": {
		"particle": "botania:blocks/livingrock0"
	},
	"elements": [
		{
			"name": "base",
			"from": [ 0, 0, 0 ],
			"to": [ 16, 1, 16 ],
			"faces": {
				"down": { "uv": [ 0, 0, 16, 16 ], "texture": "#all", "cullface": "down", "tintindex": 0 },
				"up": { "uv": [ 0, 0, 16, 16 ], "texture": "#all", "tintindex": 0 },
				"north": { "uv": [ 0, 15, 16, 16 ], "texture": "#all", "tintindex": 0 },
				"south": { "uv": [ 0, 15, 16, 16 ], "texture": "#all", "tintindex": 0 },
				"west": { "uv": [ 0, 15, 16, 16 ], "texture": "#all", "tintindex": 0 },
				"east": { "uv": [ 0, 15, 16, 16 ], "texture": "#all", "tintindex": 0 }
			}
		},
		{
			"name": "sideSouth",
			"from": [ 0, 1, 15 ],
			"to": [ 16, 14, 16 ],
			"faces": {
				"down": { "uv": [ 0, 0, 16, 1 ], "texture": "#all", "tintindex": 0 },
				"up": { "uv": [ 0, 15, 16, 16 ], "texture": "#all", "tintindex": 0 },
				"north": { "uv": [ 0, 8, 16, 15 ], "texture": "#all", "tintindex": 0 },
				"south": { "uv": [ 0, 8, 16, 15 ], "texture": "#all", "tintindex": 0 },
				"west": { "uv": [ 15, 8, 16, 15 ], "texture": "#all", "tintindex": 0 },
				"east": { "uv": [ 0, 8, 1, 15 ], "texture": "#all", "tintindex": 0 }
			}
		},
		{
			"name": "sideNorth",
			"from": [ 0, 1, 0 ],
			"to": [ 16, 14, 1 ],
			"faces": {
				"down": { "uv": [ 0, 15, 16, 16 ], "texture": "#all", "tintindex": 0 },
				"up": { "uv": [ 0, 0, 16, 1 ], "texture": "#all", "tintindex": 0 },
				"north": { "uv": [ 0, 8, 16, 15 ], "texture": "#all", "tintindex": 0 },
				"south": { "uv": [ 0, 8, 16, 15 ], "texture": "#all", "tintindex": 0 },
				"west": { "uv": [ 0, 8, 1, 15 ], "texture": "#all", "tintindex": 0 },
				"east": { "uv": [ 15, 8, 16, 15 ], "texture": "#all", "tintindex": 0 }
			}
		},
		{
			"name": "sideWest",
			"from": [ 15, 1, 1 ],
			"to": [ 16, 14, 15 ],
			"faces": {
				"down": { "uv": [ 15, 1, 16, 15 ], "texture": "#all", "tintindex": 0 },
				"up": { "uv": [ 15, 1, 16, 15 ], "texture": "#all", "tintindex": 0 },
				"north": { "uv": [ 0, 8, 1, 15 ], "texture": "#all", "tintindex": 0 },
				"south": { "uv": [ 15, 8, 16, 15 ], "texture": "#all", "tintindex": 0 },
				"west": { "uv": [ 1, 8, 15, 15 ], "texture": "#all", "tintindex": 0 },
				"east": { "uv": [ 1, 8, 15, 15 ], "texture": "#all", "tintindex": 0 }
			}
		},
		{
			"name": "sideEast",
			"from": [ 0, 1, 1 ],
			"to": [ 1, 14, 15 ],
			"faces": {
				"down": { "uv": [ 0, 1, 1, 15 ], "texture": "#all", "tintindex": 0 },
				"up": { "uv": [ 0, 1, 1, 15 ], "texture": "#all", "tintindex": 0 },
				"north": { "uv": [ 15, 8, 16, 15 ], "texture": "#all", "tintindex": 0 },
				"south": { "uv": [ 0, 8, 1, 15 ], "texture": "#all", "tintindex": 0 },
				"west": { "uv": [ 1, 8, 15, 15 ], "texture": "#all", "tintindex": 0 },
				"east": { "uv": [ 1, 8, 15, 15 ], "texture": "#all", "tintindex": 0 }
			}
		}
	]
}