{
	"Comment": "Designed by Wiiv with Cubik Studio - https://cubik.studio",
	"parent": "minecraft:block/block",
	"elements": [
		{
			"comment": "baseBottom",
			"from": [ 0, 0, 0 ],
			"to": [ 16, 2, 16 ],
			"faces": {
				"down": { "uv": [ 0, 0, 16, 16 ], "texture": "#top_bottom" },
				"up": { "uv": [ 0, 0, 16, 16 ], "texture": "#top_bottom" },
				"north": { "uv": [ 0, 14, 16, 16 ], "texture": "#side" },
				"south": { "uv": [ 0, 14, 16, 16 ], "texture": "#side" },
				"west": { "uv": [ 0, 14, 16, 16 ], "texture": "#side" },
				"east": { "uv": [ 0, 14, 16, 16 ], "texture": "#side" }
			}
		},
		{
			"comment": "baseTop",
			"from": [ 2, 2, 2 ],
			"to": [ 14, 4, 14 ],
			"faces": {
				"down": { "uv": [ 2, 2, 14, 14 ], "texture": "#top_bottom" },
				"up": { "uv": [ 2, 2, 14, 14 ], "texture": "#top_bottom" },
				"north": { "uv": [ 2, 12, 14, 14 ], "texture": "#side" },
				"south": { "uv": [ 2, 12, 14, 14 ], "texture": "#side" },
				"west": { "uv": [ 2, 12, 14, 14 ], "texture": "#side" },
				"east": { "uv": [ 2, 12, 14, 14 ], "texture": "#side" }
			}
		},
		{
			"comment": "pillar",
			"from": [ 4, 4, 4 ],
			"to": [ 12, 12, 12 ],
			"faces": {
				"down": { "uv": [ 4, 4, 12, 12 ], "texture": "#top_bottom" },
				"up": { "uv": [ 4, 4, 12, 12 ], "texture": "#top_bottom" },
				"north": { "uv": [ 4, 4, 12, 12 ], "texture": "#side" },
				"south": { "uv": [ 4, 4, 12, 12 ], "texture": "#side" },
				"west": { "uv": [ 4, 4, 12, 12 ], "texture": "#side" },
				"east": { "uv": [ 4, 4, 12, 12 ], "texture": "#side" }
			}
		},
		{
			"comment": "baseGoblet",
			"from": [ 2, 12, 2 ],
			"to": [ 14, 14, 14 ],
			"faces": {
				"down": { "uv": [ 2, 2, 14, 14 ], "texture": "#top_bottom" },
				"up": { "uv": [ 2, 2, 14, 14 ], "texture": "#top_bottom" },
				"north": { "uv": [ 2, 2, 14, 4 ], "texture": "#side" },
				"south": { "uv": [ 2, 2, 14, 4 ], "texture": "#side" },
				"west": { "uv": [ 2, 2, 14, 4 ], "texture": "#side" },
				"east": { "uv": [ 2, 2, 14, 4 ], "texture": "#side" }
			}
		},
		{
			"comment": "sideSouth",
			"from": [ 2, 14, 13 ],
			"to": [ 14, 20, 14 ],
			"faces": {
				"down": { "uv": [ 2, 2, 14, 3 ], "texture": "#top_bottom" },
				"up": { "uv": [ 2, 13, 14, 14 ], "texture": "#top_bottom" },
				"north": { "uv": [ 2, 10, 14, 16 ], "texture": "#goblet" },
				"south": { "uv": [ 2, 10, 14, 16 ], "texture": "#goblet" },
				"west": { "uv": [ 13, 10, 14, 16 ], "texture": "#goblet" },
				"east": { "uv": [ 2, 10, 3, 16 ], "texture": "#goblet" }
			}
		},
		{
			"comment": "sideNorth",
			"from": [ 2, 14, 2 ],
			"to": [ 14, 20, 3 ],
			"faces": {
				"down": { "uv": [ 2, 13, 14, 14 ], "texture": "#top_bottom" },
				"up": { "uv": [ 2, 2, 14, 3 ], "texture": "#top_bottom" },
				"north": { "uv": [ 2, 10, 14, 16 ], "texture": "#goblet" },
				"south": { "uv": [ 2, 10, 14, 16 ], "texture": "#goblet" },
				"west": { "uv": [ 2, 10, 3, 16 ], "texture": "#goblet" },
				"east": { "uv": [ 13, 10, 14, 16 ], "texture": "#goblet" }
			}
		},
		{
			"comment": "sideWest",
			"from": [ 2, 14, 3 ],
			"to": [ 3, 20, 13 ],
			"faces": {
				"down": { "uv": [ 2, 3, 3, 13 ], "texture": "#top_bottom" },
				"up": { "uv": [ 2, 3, 3, 13 ], "texture": "#top_bottom" },
				"north": { "uv": [ 13, 0, 14, 2 ], "texture": "#goblet" },
				"south": { "uv": [ 2, 0, 3, 2 ], "texture": "#goblet" },
				"west": { "uv": [ 3, 10, 13, 16 ], "texture": "#goblet" },
				"east": { "uv": [ 3, 10, 13, 16 ], "texture": "#goblet" }
			}
		},
		{
			"comment": "sideEast",
			"from": [ 13, 14, 3 ],
			"to": [ 14, 20, 13 ],
			"faces": {
				"down": { "uv": [ 13, 3, 14, 13 ], "texture": "#top_bottom" },
				"up": { "uv": [ 13, 3, 14, 13 ], "texture": "top_bottom" },
				"north": { "uv": [ 2, 0, 3, 2 ], "texture": "#goblet" },
				"south": { "uv": [ 13, 0, 14, 2 ], "texture": "#goblet" },
				"west": { "uv": [ 3, 10, 13, 16 ], "texture": "#goblet" },
				"east": { "uv": [ 3, 10, 13, 16 ], "texture": "#goblet" }
			}
		}
	],
	"display": {
		"gui": {
			"rotation":  [ 30, 225, 0 ],
			"translation":  [ 0, -0.55, 0 ],
			"scale":  [ 0.55, 0.55, 0.55 ]
		}
	}
}