{
   "display": {
    "icon": {
      "item": "extrabotany:excaliber"
    },
    "title": {
      "translate": "advancement.extrabotany:excaliberCraft"
    },
    "description": {
      "translate": "advancement.extrabotany:excaliberCraft.desc"
    },
	"frame": "challenge"
  },
  "parent": "extrabotany:main/gaia_defeat",
  "criteria": {
    "ebt_trigger": {
      "trigger": "minecraft:inventory_changed",
      "conditions": {
        "items": [
          {
            "item": "extrabotany:excaliber"
          }
        ]
      }
    }
  }
}