{
   "display": {
    "icon": {
      "item": "extrabotany:kinggarden"
    },
    "title": {
      "translate": "advancement.extrabotany:kinggardenCraft"
    },
    "description": {
      "translate": "advancement.extrabotany:kinggardenCraft.desc"
    }
  },
  "parent": "extrabotany:main/pedestal_craft",
  "criteria": {
    "ebt_trigger": {
      "trigger": "minecraft:inventory_changed",
      "conditions": {
        "items": [
          {
            "item": "extrabotany:kinggarden"
          }
        ]
      }
    }
  }
}