{
   "display": {
    "icon": {
      "item": "extrabotany:natureorb"
    },
    "title": {
      "translate": "advancement.extrabotany:natureorbCraft"
    },
    "description": {
      "translate": "advancement.extrabotany:natureorbCraft.desc"
    }
  },
  "parent": "extrabotany:main/newknowledge_unlock",
  "criteria": {
    "ebt_trigger": {
      "trigger": "minecraft:inventory_changed",
      "conditions": {
        "items": [
          {
            "item": "extrabotany:natureorb"
          }
        ]
      }
    }
  }
}