{
   "display": {
    "icon": {
      "item": "extrabotany:achilleshield"
    },
    "title": {
      "translate": "advancement.extrabotany:achilleshieldCraft"
    },
    "description": {
      "translate": "advancement.extrabotany:achilleshieldCraft.desc"
    }
  },
  "parent": "extrabotany:main/gaia_defeat",
  "criteria": {
    "ebt_trigger": {
      "trigger": "minecraft:inventory_changed",
      "conditions": {
        "items": [
          {
            "item": "extrabotany:achilleshield"
          }
        ]
      }
    }
  }
}