{
   "display": {
    "icon": {
      "item": "extrabotany:ultimatehammer"
    },
    "title": {
      "translate": "advancement.extrabotany:ultimatehammerCraft"
    },
    "description": {
      "translate": "advancement.extrabotany:ultimatehammerCraft.desc"
    }
  },
  "parent": "extrabotany:main/pedestal_craft",
 "criteria": {
    "ebt_trigger": {
      "trigger": "minecraft:inventory_changed",
      "conditions": {
        "items": [
          {
            "item": "extrabotany:ultimatehammer"
          }
        ]
      }
    }
  }
}